id,has_title,has_description,has_tags,readability,sentence_count,word_count,word_unique,transition_words,summary_words,active_verb,video_duration
sQ_BFNGg0CU,TRUE,TRUE,FALSE,7.475,1,6,6,1,0,1,60
yvVYwkV1Buo,TRUE,TRUE,FALSE,10.07401818,20,275,165,6,0,41,60
t9o7jGViy4w,TRUE,TRUE,FALSE,15.53571429,1,21,21,1,0,3,61
kvQkyNOv4Rs,TRUE,TRUE,FALSE,22.55875,1,24,24,1,0,3,61
DUlLEmobwys,TRUE,TRUE,FALSE,8.217941176,4,51,42,2,0,7,61
0ttVVGfydkw,TRUE,TRUE,FALSE,9.5295,1,20,20,1,0,3,61
xQHL1JVl3bc,TRUE,TRUE,FALSE,12.82977778,9,135,93,2,0,14,61
Jk5IXhB9ZXM,TRUE,TRUE,FALSE,13.19362245,10,196,146,9,0,30,63
Vb-nz6op8yg,TRUE,TRUE,FALSE,7.92933908,6,116,73,3,0,16,65
kcuUcHU21Ik,TRUE,TRUE,FALSE,18.07451613,2,31,29,2,0,4,66
shsNVuFRKDo,TRUE,TRUE,FALSE,15.51271429,4,70,66,2,0,8,66
HMe6iDvwFUw,TRUE,TRUE,FALSE,9.448946281,8,121,96,5,0,19,67
4JLnkpdjoU8,TRUE,TRUE,FALSE,9.638024845,7,115,86,6,0,16,68
6IulrGavrjM,TRUE,TRUE,FALSE,10.61727273,1,11,11,1,0,1,71
0ju0YMLt2sc,TRUE,TRUE,FALSE,14.40806452,5,93,71,4,0,9,71
2OFHQnz9vSg,TRUE,TRUE,FALSE,341.2559337,1,664,91,3,0,58,73
Y98ry3671Rg,TRUE,TRUE,FALSE,12.2486,8,150,115,3,0,24,74
LI4AE9ys4eo,TRUE,TRUE,FALSE,12.09967914,10,187,125,7,0,29,74
87DX7150ovo,TRUE,TRUE,FALSE,18.91145161,2,62,49,5,0,5,74
M4BOOuJ2oiI,TRUE,TRUE,FALSE,16.11727273,5,110,75,4,0,10,75
lshzaYhtOyA,TRUE,TRUE,FALSE,15.99894737,5,114,77,4,0,12,76
80lIWoGHNNA,TRUE,TRUE,FALSE,16.67125,1,24,24,1,0,4,76
dCpHGtG9AZ8,TRUE,TRUE,FALSE,13.59821591,11,240,156,4,0,27,76
4uQrCTkPrFU,TRUE,TRUE,FALSE,13.15036425,17,281,160,10,0,32,77
t1cZrBYbdYs,TRUE,TRUE,FALSE,13.43171875,4,64,55,1,0,7,78
#NAME?,TRUE,TRUE,FALSE,16.90663934,5,122,82,4,0,11,81
E3nTHnkZybk,TRUE,TRUE,FALSE,17.76484615,5,130,81,4,0,12,81
BZS0amkjOhI,TRUE,TRUE,FALSE,17.33404959,5,121,84,4,0,11,81
p1sEh1IUsKM,TRUE,TRUE,FALSE,16.56439024,5,123,84,4,0,12,82
imQ5qMqdoJM,TRUE,TRUE,FALSE,14.835,2,54,42,2,0,8,82
#NAME?,TRUE,TRUE,FALSE,18.56704545,5,132,83,4,0,11,83
MatiZeIGpb0,TRUE,TRUE,FALSE,13.17625,2,56,45,1,0,5,84
odKDsbjKWps,TRUE,TRUE,FALSE,11.60777778,1,27,24,1,0,3,84
UOvWr-vMO94,TRUE,TRUE,FALSE,19.01729927,5,137,87,4,0,12,85
#NAME?,TRUE,TRUE,FALSE,18.65043478,5,138,85,4,0,12,86
nxS-LP1StvE,TRUE,TRUE,FALSE,18.35805755,5,139,88,4,0,13,86
OgpVYTnsmuk,TRUE,TRUE,FALSE,18.64183099,5,142,88,4,0,14,87
ECG6sZiJ3Jc,TRUE,TRUE,FALSE,19.39833333,5,144,90,4,0,12,89
nyRrm-cCj9g,TRUE,TRUE,FALSE,17.441875,4,48,39,1,0,4,89
VXQ0aQHe9VQ,TRUE,TRUE,FALSE,11.93630137,10,146,79,3,0,16,90
pLrDuFCN3BI,TRUE,TRUE,FALSE,10.82015504,3,43,40,4,0,7,90
0bRS-6GDLy4,TRUE,TRUE,FALSE,19.2786755,5,151,94,4,0,14,92
2N64oGaFQCA,TRUE,TRUE,FALSE,12.48428571,1,14,14,0,0,0,94
xmJ3zYQhUuo,TRUE,TRUE,FALSE,10.45332589,7,128,100,5,0,22,95
QfE4CBG90tM,TRUE,TRUE,FALSE,10.45332589,7,128,100,5,0,22,95
AJ9QNdP9fHk,TRUE,TRUE,FALSE,17.93647059,5,136,87,4,0,14,95
G11lr2N7gjQ,TRUE,TRUE,FALSE,10.81057971,3,46,39,2,0,6,96
6lMJSzwffs4,TRUE,TRUE,FALSE,12.30309195,12,290,150,15,0,46,97
yUZno6t4mTg,TRUE,TRUE,FALSE,15.06163424,10,257,151,5,0,47,97
_L2dpW_bFRc,TRUE,TRUE,FALSE,20.72838951,9,267,156,5,0,30,97
Bkvp1kKQLcE,TRUE,TRUE,FALSE,11.68999831,34,695,319,6,0,108,98
0Y4kAKn6bGc,TRUE,TRUE,FALSE,12.73591837,2,49,42,2,0,8,98
Ika3dP47fAo,TRUE,TRUE,FALSE,197.6524806,2,774,165,4,0,47,98
yP9OxQM1wls,TRUE,TRUE,FALSE,21.03817834,18,638,167,2,0,34,100
PLPdAD15Ndg,TRUE,TRUE,FALSE,13.17414634,2,41,38,2,0,6,100
oCGgwc1Cb9A,TRUE,TRUE,FALSE,18.86128378,5,148,94,4,0,15,102
#NAME?,TRUE,TRUE,FALSE,11.70638778,15,251,135,6,1,37,103
4CBIYoDF288,TRUE,TRUE,FALSE,16.84598174,9,219,146,5,0,30,103
drDU7X4kAf8,TRUE,TRUE,FALSE,20.32434959,3,82,66,4,0,7,104
FnIf3OPDBFM,TRUE,TRUE,FALSE,8.58673913,4,46,42,3,0,7,104
PuF0aJS_qaw,TRUE,TRUE,FALSE,24.39171254,3,109,82,4,0,15,104
V9FDxlZ_sik,TRUE,TRUE,FALSE,11.803,4,85,65,4,0,8,104
0phXsBQW48M,TRUE,TRUE,FALSE,19.97685139,10,397,233,4,0,53,105
LMvNeaUMRlw,TRUE,TRUE,FALSE,10.60056723,17,336,200,6,0,47,105
OaxRva_GajU,TRUE,TRUE,FALSE,15.03461538,10,338,185,2,0,50,106
WGw-7Y0xEV0,TRUE,TRUE,FALSE,10.71105263,3,57,50,1,0,6,106
asTNBEltQQc,TRUE,TRUE,FALSE,28.25592179,5,179,134,3,0,10,106
Wd5Qmjt3egI,TRUE,TRUE,FALSE,5.707,1,10,10,1,0,1,106
QfRpnA3CKos,TRUE,TRUE,FALSE,19.97090909,3,66,57,2,0,9,110
sBx5OHKW2nM,TRUE,TRUE,FALSE,11.49857143,2,42,36,2,0,6,110
RABThDFW000,TRUE,TRUE,FALSE,17.35344437,17,498,285,4,0,41,111
Lq2taGJseak,TRUE,TRUE,FALSE,14.00575,5,80,67,2,0,9,111
xuNEnhCZFLo,TRUE,TRUE,FALSE,11.45117647,1,17,16,1,0,1,111
40UJSG_B5vA,TRUE,TRUE,FALSE,38.02021898,10,685,241,5,0,111,112
8CBC8vf8K_s,TRUE,TRUE,FALSE,7.703490701,15,233,142,8,1,51,113
1Zsyast6s9Y,TRUE,TRUE,FALSE,11.57941176,17,375,204,12,0,64,113
Yhn2qguQfUM,TRUE,TRUE,FALSE,18.23666667,5,135,85,4,0,13,114
sQ-0RkPu35o,TRUE,TRUE,FALSE,12.14785714,1,14,14,0,0,1,114
GZdmuwRYNAs,TRUE,TRUE,FALSE,13.66135135,2,37,33,3,0,4,115
x93I3a30FEg,TRUE,TRUE,FALSE,6.475,1,4,4,0,0,0,116
ZCpSiSS0Yv4,TRUE,TRUE,FALSE,18.65470588,1,17,16,0,0,2,117
oIyXFT6YGBE,TRUE,TRUE,FALSE,7.895384615,1,13,11,0,0,1,118
Q4p6Suko25A,TRUE,TRUE,FALSE,16.19681034,5,116,81,4,0,12,119
LedWl2QTy40,TRUE,TRUE,FALSE,18.95741379,20,667,316,6,0,100,119
JHgUzLCWqvw,TRUE,FALSE,FALSE,0,0,0,0,0,0,0,121
QMzNnvkYOF0,TRUE,TRUE,FALSE,8.608699187,3,41,33,2,0,6,122
ufCiGz75DAk,TRUE,TRUE,FALSE,12.71613695,9,172,97,6,0,18,123
DBXgnMfVFzI,TRUE,TRUE,FALSE,11.94714286,2,42,36,2,0,4,123
7QL2CaJFn_k,TRUE,TRUE,FALSE,6.6525,2,4,4,0,0,0,124
29KdXZH0niA,TRUE,TRUE,FALSE,8.577280702,3,38,30,3,0,5,124
SA-sug6P0fM,TRUE,TRUE,FALSE,16.56886957,5,115,79,4,0,11,125
u3QmJbB9lvk,TRUE,TRUE,FALSE,22.99549738,5,191,125,3,0,24,125
nDxfxIaRfQ4,TRUE,TRUE,FALSE,13.48306436,15,347,205,4,0,51,126
nSwBbPUUduQ,TRUE,TRUE,FALSE,15.05466667,3,55,47,3,0,5,126
jvg8EmtWF78,TRUE,TRUE,FALSE,13.81472727,2,55,43,1,0,8,127
m3xKf7bNQ0Q,TRUE,TRUE,FALSE,11.24656627,4,83,57,5,0,10,127
wP3Bra09rcQ,TRUE,TRUE,FALSE,10.47974286,20,350,207,7,0,51,128
Ef-NZtTVSMM,TRUE,TRUE,FALSE,12.55941176,1,17,15,0,0,0,130
f4D5IgUYn3w,TRUE,TRUE,FALSE,15.33431609,13,293,190,11,0,44,130
Rg-ao84fnrw,TRUE,TRUE,FALSE,33.41886792,1,53,44,4,0,8,131
ScjyYj7UdsM,TRUE,TRUE,FALSE,-1.53375,1,8,8,1,0,1,132
nTQcW7frfSw,TRUE,TRUE,FALSE,5.344666667,3,25,25,1,0,3,132
usIZ0YSQFD0,TRUE,TRUE,FALSE,17.04630435,5,138,88,3,0,20,132
aVWZDhk-DVU,TRUE,TRUE,FALSE,12.96769231,1,13,13,1,0,0,133
ItjPn8WxVSA,TRUE,TRUE,FALSE,12.45060606,3,44,37,2,0,3,135
Ex5_Z-DpJ0A,TRUE,TRUE,FALSE,9.439244167,17,358,189,12,0,57,136
J4AacdAkP08,TRUE,TRUE,FALSE,10.50685714,21,405,243,11,0,72,136
IVz7xJxHOjk,TRUE,TRUE,FALSE,12.25512195,2,41,36,3,0,4,137
Grw7zvY9gY8,TRUE,TRUE,FALSE,9.443368169,26,449,193,7,0,57,137
KtT7zvYJekA,TRUE,TRUE,FALSE,14.90674699,8,166,128,4,0,20,138
jPrElTL3rrA,TRUE,TRUE,FALSE,19.76181818,1,33,30,2,0,5,138
QFc-5oXgbYY,TRUE,TRUE,FALSE,25.14731707,1,41,37,2,0,6,139
IkoC3HZwe7Q,TRUE,TRUE,FALSE,19.28333333,3,81,64,2,0,6,140
mco8vQPhFho,TRUE,TRUE,FALSE,17.69220572,13,347,193,7,0,43,140
JNUmKulUWec,TRUE,TRUE,FALSE,11.58970588,2,34,32,2,0,1,140
49OlI6LmMDU,TRUE,TRUE,FALSE,23.38812821,3,130,99,3,0,17,141
HvcQdJcN6mk,TRUE,TRUE,FALSE,10.46571429,1,14,14,2,0,2,142
XeZgKLfIJn4,TRUE,TRUE,FALSE,5.813787879,3,44,34,3,0,6,142
H-8wC490oEs,TRUE,TRUE,FALSE,14.22511628,5,86,68,4,0,9,144
oj0pjco--Yw,TRUE,TRUE,FALSE,14.85173469,5,98,76,4,0,10,144
Wa7yYFPVb6o,TRUE,TRUE,FALSE,26.52852273,2,88,68,2,0,5,144
LCdTfQXDK34,TRUE,TRUE,FALSE,23.95805567,7,349,223,6,0,42,144
8hnvY6_Jpvg,TRUE,TRUE,FALSE,9.499795436,48,829,369,12,0,113,146
l_9vgXkmVnk,TRUE,TRUE,FALSE,10.79138211,3,41,29,2,0,4,147
3NRpp1pBN2E,TRUE,FALSE,FALSE,0,0,0,0,0,0,0,148
K4SOS9okas4,TRUE,TRUE,FALSE,12.80086957,2,46,42,3,0,3,151
7Au-MRjoHYQ,TRUE,TRUE,FALSE,13.405,2,42,41,2,0,3,151
UeXD730uIII,TRUE,TRUE,FALSE,12.47384615,2,39,37,2,0,3,151
bhOF3Kx8CEQ,TRUE,TRUE,FALSE,11.71484848,3,55,51,3,0,8,151
99CLGZNuFqE,TRUE,TRUE,FALSE,13.63674419,2,43,40,3,0,6,151
auIwEV1SiBQ,TRUE,TRUE,FALSE,11.99184211,2,38,35,2,0,3,152
k22zlWRzbk0,TRUE,TRUE,FALSE,12.01157661,13,242,127,3,0,32,153
QTKS0AUbEao,TRUE,TRUE,FALSE,27.31616807,7,255,163,7,0,30,153
U3z9nMMklFw,TRUE,TRUE,FALSE,12.78091429,20,350,235,4,0,41,154
mbD2oAjPU0c,TRUE,TRUE,FALSE,10.44386364,2,44,31,2,0,8,154
7VQfOt_2XG4,TRUE,TRUE,FALSE,10.52229675,24,369,232,7,0,48,155
WjyQTmJBXFg,TRUE,TRUE,FALSE,10.272,1,5,5,0,0,1,155
Uk6U9ROn_MU,TRUE,TRUE,FALSE,9.956590909,20,352,187,8,0,45,155
1C2WpZA_L4E,TRUE,TRUE,FALSE,10.16333333,3,20,19,3,0,3,155
JJoyWK58CvY,TRUE,TRUE,FALSE,16.08210526,2,38,27,2,0,4,156
kDF2-ScA5gw,TRUE,TRUE,FALSE,8.794868881,13,264,159,6,0,42,156
rDoCCS-fBls,TRUE,TRUE,FALSE,9.85400223,26,414,239,9,0,52,156
JqJaVvLO748,TRUE,TRUE,FALSE,9.806360203,37,687,304,10,0,101,157
DghH1bas9SQ,TRUE,TRUE,FALSE,10.81226476,23,402,231,5,0,54,158
povArl9xZSg,TRUE,TRUE,FALSE,13.52666667,1,27,23,2,0,2,159
Sev0xmmU6LI,TRUE,TRUE,FALSE,11.44323204,20,362,214,9,0,54,160
_f-KFSSzzlk,TRUE,TRUE,FALSE,10.66536075,27,462,207,10,0,67,161
iUK-odLKD-k,TRUE,TRUE,FALSE,18.04,1,13,13,2,0,3,161
CJu37EU9qEk,TRUE,TRUE,FALSE,15.83421053,1,19,16,1,0,0,162
zLbAxztnnfE,TRUE,TRUE,FALSE,19.42818994,21,528,266,5,0,77,163
f6HtqolhKqo,TRUE,TRUE,FALSE,15.34017391,5,115,89,4,0,13,163
e8c5AZFKsJ4,TRUE,TRUE,FALSE,8.395967742,5,62,54,4,0,7,164
EO-tN64_IvY,TRUE,TRUE,FALSE,9.923403119,41,699,321,10,0,99,166
wH6aT1GzY6w,TRUE,TRUE,FALSE,37.97432432,1,74,40,2,0,10,166
dPomv-2PEeo,TRUE,TRUE,FALSE,98.51391361,4,764,200,3,0,182,167
_P7nLJWuvks,TRUE,TRUE,FALSE,24.81227818,3,139,107,3,0,18,168
3R6gfAa2w8w,TRUE,TRUE,FALSE,10.51862069,5,58,50,5,0,7,169
fIsuxH01R90,TRUE,TRUE,FALSE,115.6265022,3,669,219,3,0,116,169
UTuF58aK5po,TRUE,TRUE,FALSE,6.6525,2,4,4,0,0,0,170
zsVRO4IZoFw,TRUE,TRUE,FALSE,20.26914181,19,674,287,6,0,120,171
mLmKq5bQOg0,TRUE,TRUE,FALSE,10.04992063,28,405,212,8,0,48,174
ayuVb9-nFVo,TRUE,TRUE,FALSE,22.71961832,8,262,158,6,1,27,176
dKYxRDO2G_0,TRUE,TRUE,FALSE,5.46520978,57,940,386,20,1,158,176
1EEJ1Hm66mg,TRUE,TRUE,FALSE,27.14879956,16,454,224,6,0,45,176
VJgnv314808,TRUE,TRUE,FALSE,9.378298611,9,128,83,5,0,22,178
wvMoHXD3agg,TRUE,TRUE,FALSE,10.46023256,2,43,29,1,0,2,178
YICvHsKmjzY,TRUE,TRUE,FALSE,14.44225774,7,143,103,5,0,10,178
p0VF1FjLt-U,TRUE,TRUE,FALSE,10.475,1,12,11,0,0,1,179
18japm2PugI,TRUE,TRUE,FALSE,15.9337046,7,177,128,6,0,20,181
nMoJ7TZN7l8,TRUE,TRUE,FALSE,16.52594232,15,497,263,9,0,78,182
EipqFlmxCkM,TRUE,TRUE,FALSE,7.684956897,32,464,227,9,0,87,183
nJfB32MtqBA,TRUE,TRUE,FALSE,18.07727273,12,198,131,6,0,16,185
wbShOXhO6p8,TRUE,TRUE,FALSE,16.75,1,1,1,0,0,0,185
#NAME?,TRUE,TRUE,FALSE,17.02055901,5,161,97,3,0,14,188
IVH_6ciQfZk,TRUE,TRUE,FALSE,14.1407951,19,374,220,6,0,47,191
a58oCExOxpw,TRUE,TRUE,FALSE,6.789452736,6,67,57,2,0,10,191
GDlPAQakzo4,TRUE,TRUE,FALSE,17.10455206,14,354,237,9,0,52,191
KReNoBISy3A,TRUE,FALSE,FALSE,0,0,0,0,0,0,0,191
cmUXo4Crrm0,TRUE,TRUE,FALSE,9.884736842,1,19,19,2,0,4,192
numUKaH34rQ,TRUE,TRUE,FALSE,9.636154721,15,293,182,6,0,51,193
TBv3xQUGsXA,TRUE,TRUE,FALSE,9.385166909,26,424,222,9,0,67,194
pD7YdUdEHdw,TRUE,TRUE,FALSE,5.05,1,9,9,1,0,4,195
HGuGIM54pK4,TRUE,TRUE,FALSE,8.437205398,31,490,241,5,0,65,196
EAuf42kd8Aw,TRUE,TRUE,FALSE,11.96208621,8,145,109,3,0,20,199
hfLn2N8KepM,TRUE,TRUE,FALSE,9.503414898,27,445,266,7,0,68,199
52sEiZzYP0I,TRUE,TRUE,FALSE,7.9932,2,25,25,1,0,4,200
8dgoeYPoE-0,TRUE,TRUE,FALSE,14.56156863,3,68,57,2,0,7,201
nmWtsPzd-GQ,TRUE,TRUE,FALSE,12.83316327,5,98,65,3,0,19,201
nSuBzZR6llY,TRUE,TRUE,FALSE,15.01075556,27,675,333,15,0,91,204
87TCC0iWB3Q,TRUE,TRUE,FALSE,14.14287034,32,751,341,8,0,95,205
xlxVZhjfo6s,TRUE,TRUE,FALSE,16.95452555,5,137,94,3,0,23,206
Lv4r-P6H7bU,TRUE,TRUE,FALSE,13.44470266,21,643,256,15,0,117,208
AssXudMGZ8A,TRUE,TRUE,FALSE,15.54594767,14,404,239,12,0,52,208
OMn8Tq5Eyao,TRUE,TRUE,FALSE,13.02371429,5,105,80,2,0,11,208
tTM1oaEWoEc,TRUE,TRUE,FALSE,8.084795918,12,147,104,2,0,17,209
a4gT5s-SXSc,TRUE,TRUE,FALSE,14.10797872,4,47,38,3,0,4,210
YtrM9STzEjo,TRUE,TRUE,FALSE,12.78895873,34,744,303,4,0,121,210
IMPzAdVOhKY,TRUE,TRUE,FALSE,9.375416667,3,40,35,2,0,4,210
t32eoUB42rw,TRUE,TRUE,FALSE,11.66703463,21,374,242,8,0,46,211
KJDNHjJgbD8,TRUE,TRUE,FALSE,10.99413793,4,58,32,4,0,8,212
_1uqL32ASRE,TRUE,TRUE,FALSE,4.937882852,38,310,161,6,0,37,214
_JfEDVR5er0,TRUE,TRUE,FALSE,10.84694316,24,434,231,12,0,70,214
RQCq-FzeYgA,TRUE,TRUE,FALSE,7.599289002,43,576,291,9,0,89,217
fUkKK1BvPvg,TRUE,TRUE,FALSE,11.003125,1,16,16,1,0,2,219
S09YWIykt2Y,TRUE,TRUE,FALSE,13.5826233,30,784,337,14,0,134,220
sRxqRU6CCJA,TRUE,TRUE,FALSE,12.17830469,29,598,267,18,0,81,222
_9hPFlSnnNk,TRUE,TRUE,FALSE,7.655357143,7,72,59,3,0,9,223
XK0r8kINlTw,TRUE,TRUE,FALSE,15.29999654,26,667,296,5,0,119,225
i90i0YXq5aA,TRUE,TRUE,FALSE,12.11153846,2,39,29,3,0,3,225
9mp8YkNqbBE,TRUE,TRUE,FALSE,4.350094502,30,388,196,8,0,79,225
XfyGv-xwjlI,TRUE,TRUE,FALSE,11.54103784,29,514,255,12,0,61,226
qvhHhDNjtxM,TRUE,TRUE,FALSE,12.5448913,4,92,75,3,0,11,226
9A3gDnv56bs,TRUE,TRUE,FALSE,18.87895729,22,728,341,7,0,107,228
Pdec8clsV7Q,TRUE,TRUE,FALSE,18.15410334,7,188,119,2,0,20,228
B6jI_B8ExIs,TRUE,TRUE,FALSE,6.618180712,19,173,144,3,0,18,228
qG3OyONVbEQ,TRUE,TRUE,FALSE,10.50944444,3,54,47,2,0,8,232
MMwdz1kLsFU,TRUE,TRUE,FALSE,11.13777778,4,54,50,2,0,7,232
sT5SmIM60zo,TRUE,TRUE,FALSE,15.20057087,25,508,280,11,0,52,233
VLOKMjHEyhY,TRUE,TRUE,FALSE,15.04125786,6,106,86,4,0,10,235
St9r4pc2QmE,TRUE,TRUE,FALSE,13.26272727,3,66,56,4,0,13,237
32F2hQTncQ0,TRUE,TRUE,FALSE,10.06360704,22,403,198,11,0,60,237
9ccIlIId_R0,TRUE,TRUE,FALSE,14.28554348,4,92,75,3,0,10,238
9IaRuSxJO-8,TRUE,TRUE,FALSE,9.788438735,22,414,228,6,0,65,238
w7Nq9uQJOXE,TRUE,TRUE,FALSE,12.51090909,2,33,29,2,0,4,239
UtLtPgYc0mk,TRUE,TRUE,FALSE,10.25327869,15,183,132,3,0,16,240
#NAME?,FALSE,FALSE,FALSE,0,0,0,0,0,0,0,0
i look so awkward and weird when i workout,TRUE,TRUE,FALSE,12.04,1,1,1,0,0,0,0
JkgXZ5EPwDA,TRUE,TRUE,FALSE,8.984285714,1,7,7,1,0,1,243
hhWGKAcHbO8,TRUE,TRUE,FALSE,10.81707503,21,344,209,8,0,39,243
froHNJMELT0,TRUE,TRUE,FALSE,4.849166667,3,36,32,3,0,7,244
#NAME?,TRUE,TRUE,FALSE,12.51473829,6,121,86,2,0,16,246
eawWLRnX_gc,TRUE,TRUE,FALSE,20.33631579,4,114,79,2,0,11,247
J1TorkgpgY0,TRUE,TRUE,FALSE,9.122806583,32,581,259,8,0,98,247
hv0bBW_Ah0Y,TRUE,TRUE,FALSE,10.4975,5,72,63,3,0,9,247
gGeLxjgUNG4,TRUE,TRUE,FALSE,14.19458333,4,72,65,3,0,11,247
vhF1aEOaIzw,TRUE,TRUE,FALSE,12.74347265,17,342,195,8,0,44,247
Ows34T0UjsM,TRUE,TRUE,FALSE,8.116666667,10,99,79,1,0,16,248
HRTKfRXwBTg,TRUE,TRUE,FALSE,26.87835852,13,448,232,6,0,55,249
X_e8bXcS1BA,TRUE,TRUE,FALSE,13.67372146,12,292,174,2,0,32,252
qYBou4o9vNI,TRUE,TRUE,FALSE,9.288333333,1,18,15,1,0,0,253
JMknA_CCnW4,TRUE,TRUE,FALSE,6.584358974,32,468,193,13,0,66,259
Gfr364SyQcg,TRUE,TRUE,FALSE,11.93129717,20,424,226,8,0,73,262
910K7B_1b6I,TRUE,TRUE,FALSE,11.82462585,3,49,46,3,0,4,262
Aoy3ZCZwbeo,TRUE,TRUE,FALSE,12.17142857,22,462,235,10,0,79,262
MsGmoVknaZQ,TRUE,TRUE,FALSE,14.03953125,5,64,57,2,0,8,263
bbqOggZHtaM,TRUE,TRUE,FALSE,12.9214365,22,393,216,11,0,55,263
hkrK-vg7KD4,TRUE,TRUE,FALSE,20.01021725,17,463,264,8,0,51,263
mjnseqLiVXM,TRUE,TRUE,FALSE,11.00319564,22,526,240,12,0,78,266
TJ7EagZKN5w,TRUE,TRUE,FALSE,7.649457259,50,737,375,11,0,122,266
jwD7bJrYH6U,TRUE,TRUE,FALSE,8.462252137,49,733,349,17,0,120,266
imZwSsB6eGo,TRUE,TRUE,FALSE,22.59345123,18,688,308,8,0,85,267
ayd0yO-yNZ4,TRUE,TRUE,FALSE,12.28247071,15,313,174,10,0,26,267
1WrdzNJ4A44,TRUE,TRUE,FALSE,10.73466165,7,133,89,3,0,13,268
L77b57erQ4M,TRUE,TRUE,FALSE,13.84838289,7,197,139,5,0,23,272
Ab9OZsDECZw,TRUE,TRUE,FALSE,10.4364,5,75,58,2,0,7,272
geO2L3fzF5g,TRUE,TRUE,FALSE,27.788125,1,48,39,2,0,2,272
QSXWXPWUWEc,TRUE,TRUE,FALSE,6.241361761,50,727,290,16,0,134,273
596LMJTJFsk,TRUE,TRUE,FALSE,10.8675,1,12,12,0,0,0,273
F8UGIKR3okA,TRUE,TRUE,FALSE,10.83172414,6,87,60,3,0,11,275
Op8K7yresDs,TRUE,TRUE,FALSE,11.72876033,5,121,77,3,0,15,276
dpNpHXB52ak,TRUE,TRUE,FALSE,13.28443609,7,133,96,4,0,13,278
xchGJ4UxCPE,TRUE,TRUE,FALSE,8.560024899,27,476,236,7,0,89,279
eOhz3cGmlaw,TRUE,TRUE,FALSE,13.56328114,13,226,154,4,0,28,282
FkkK5lTmBYQ,TRUE,TRUE,FALSE,10.4992,5,75,61,3,0,10,283
nTyL81Ls3ys,TRUE,TRUE,FALSE,11.05213302,37,612,257,11,0,96,283
lEutFrar1dI,TRUE,TRUE,FALSE,12.17206002,9,137,99,4,0,19,283
74s6eiBBBFU,TRUE,TRUE,FALSE,14.87263954,23,578,316,7,0,54,284
_KndwmMEwXA,TRUE,TRUE,FALSE,13.63179612,10,206,117,9,0,28,287
e_oUWPdb9xM,TRUE,TRUE,FALSE,11.68105014,27,492,260,9,0,66,287
LvaVsnHbIbI,TRUE,TRUE,FALSE,18.84743537,15,490,278,4,0,44,287
ISn43u0BiEo,TRUE,TRUE,FALSE,12.05071429,7,172,112,5,0,25,288
AoHvkrcr6EM,TRUE,TRUE,FALSE,15.64635135,25,444,255,8,0,50,288
Usnu2ySuhcU,TRUE,TRUE,FALSE,10.84492424,3,44,37,2,0,7,289
WYa2xthIbDc,TRUE,TRUE,FALSE,18.08670866,23,642,303,7,0,90,291
9iMGFqMmUFs,TRUE,TRUE,FALSE,11.76669231,4,65,53,2,0,8,292
7-cGz2eLyb4,TRUE,TRUE,FALSE,7.940591065,30,485,221,7,0,64,294
oozg7j3qpEY,TRUE,TRUE,FALSE,3.425192308,5,52,40,2,0,12,294
Aw8hufhIDu0,TRUE,TRUE,FALSE,15.95416521,19,453,260,8,0,53,296
BFUis11qaQU,TRUE,TRUE,FALSE,8.245763393,63,821,411,8,0,132,296
8nEmsR68FhA,TRUE,TRUE,FALSE,11.93391804,23,522,257,13,0,79,297
341CnFGQwH4,TRUE,TRUE,FALSE,11.49353372,22,496,280,11,0,81,297
1p1cMFscF8s,TRUE,TRUE,FALSE,14.76121212,33,558,313,11,0,56,299
z_3S2_41_FE,TRUE,TRUE,FALSE,9.570185185,12,243,158,3,0,30,300
53WxEvd7-_w,TRUE,TRUE,FALSE,20.24649813,11,365,180,5,0,49,301
iGK0rHkOoVA,TRUE,TRUE,FALSE,48.54403226,2,186,113,5,0,10,306
s3wUYhJmdbA,TRUE,TRUE,FALSE,12.96265766,20,333,213,6,0,45,307
-32U9eU1hdM,TRUE,TRUE,FALSE,14.52010077,31,557,298,10,0,59,310
RV_lBWGgK1o,TRUE,TRUE,FALSE,15.3591642,19,568,267,17,0,95,310
#NAME?,TRUE,TRUE,FALSE,19.0357554,5,139,104,3,0,9,310
#NAME?,TRUE,TRUE,FALSE,11.10809524,6,63,55,3,0,8,311
Oyy-3yAwcvo,TRUE,TRUE,FALSE,8.786666667,3,40,34,2,0,5,311
BF7N0LPdItk,TRUE,TRUE,FALSE,18.67571429,1,21,18,2,0,3,312
VAweyqtb7D8,TRUE,TRUE,FALSE,17.48461263,14,319,192,4,0,37,312
L-a-dKhuYj8,TRUE,TRUE,FALSE,15.23260316,13,302,196,10,0,37,314
pgUA4ScsRWQ,TRUE,TRUE,FALSE,10.20773266,19,302,199,4,0,36,314
fRZduVxlP_U,TRUE,TRUE,FALSE,28.58714602,8,339,189,6,0,39,315
qFFPcIcAUUs,TRUE,TRUE,FALSE,15.72016129,8,186,123,3,0,20,315
Bkji1VNnolA,TRUE,TRUE,FALSE,10.81351064,4,94,72,3,0,10,317
wbWL2wfvsM8,TRUE,TRUE,FALSE,16.88265225,14,251,158,8,0,23,317
It6Eblem5Zg,TRUE,TRUE,FALSE,13.89811608,19,321,189,6,0,41,317
uia5mqvTeh4,TRUE,TRUE,FALSE,8.986296296,6,81,72,3,0,14,317
MdXWF-vvQMc,TRUE,TRUE,FALSE,22.33095238,1,63,34,0,0,0,317
X2rOWkOcq9I,TRUE,TRUE,FALSE,18.27142857,2,35,31,2,0,3,318
afYCN3Upy_w,TRUE,TRUE,FALSE,16.75,1,1,1,0,0,0,318
VXFRWFHx6tA,TRUE,TRUE,FALSE,11.45233434,16,249,181,4,0,31,318
2YVVfWIoHkw,TRUE,TRUE,FALSE,11.92852008,25,473,234,11,0,66,321
MFmjLloYN7A,TRUE,TRUE,FALSE,15.98404315,20,533,294,5,0,46,322
InH8t0UNs4k,TRUE,TRUE,FALSE,11.09445011,27,588,314,7,0,76,324
W_evi9lanBY,TRUE,FALSE,FALSE,0,0,0,0,0,0,0,325
Mj0T_byeKtQ,TRUE,TRUE,FALSE,7.172723577,6,82,59,7,0,14,326
orqdxsg-Dr4,TRUE,TRUE,FALSE,22.56644849,13,389,204,7,0,52,326
mRVZ9lkubag,TRUE,TRUE,FALSE,17.60573427,5,143,107,3,0,19,328
HOwqo56BKQU,TRUE,TRUE,FALSE,10.79833159,26,515,258,11,0,83,329
WBjchfwi1jA,TRUE,TRUE,FALSE,21.78959059,14,328,171,6,0,41,330
tpPGevlDwWQ,TRUE,TRUE,FALSE,31.9899298,7,407,197,3,0,52,331
fHui_Q6ld10,TRUE,TRUE,FALSE,9.067596899,3,43,38,4,0,7,331
6t4tBmbPko8,TRUE,TRUE,FALSE,27.16466602,11,377,210,8,0,32,332
8ZujKJYrEJY,TRUE,TRUE,FALSE,7.501891296,45,554,260,3,0,30,334
cW1V2_GTAlc,TRUE,TRUE,FALSE,14.45576923,3,78,57,2,0,7,339
T9wPrmfQ0vw,TRUE,TRUE,FALSE,14.99849963,23,712,290,18,0,117,340
xJBqbv8GRZ4,TRUE,TRUE,FALSE,9.906162587,13,176,129,3,0,17,341
wjIp17OaN_k,TRUE,TRUE,FALSE,7.844666667,3,40,33,2,0,5,344
BzP4b1b-RPs,TRUE,TRUE,FALSE,14.416125,8,160,117,3,0,28,345
ux-A-WUMTjY,TRUE,TRUE,FALSE,18.79690265,5,113,83,3,0,6,345
DyGIvs9zrVA,TRUE,TRUE,FALSE,12.21161485,12,193,118,2,0,16,346
prFYht1NwmU,TRUE,TRUE,FALSE,11.8062069,2,29,25,1,0,2,348
bBZXkNbpOGQ,TRUE,TRUE,FALSE,13.19413462,8,104,82,2,0,14,350
RudR2_VVoaw,TRUE,TRUE,FALSE,13.04903125,20,320,217,5,0,35,351
wch09JVlXKg,TRUE,TRUE,FALSE,13.00407389,17,363,236,7,0,28,356
jDYm0i5zT68,TRUE,TRUE,FALSE,10.38606338,21,281,173,4,0,38,356
L1qDCZsqxxc,TRUE,TRUE,FALSE,8.357217521,49,615,323,7,0,93,358
sLn6OoH12uY,TRUE,TRUE,FALSE,8.050681818,40,660,313,9,1,102,358
S-3nfpc_GiQ,TRUE,TRUE,FALSE,9.147751967,45,904,364,15,0,162,359
aC0_yOlfY4U,TRUE,TRUE,FALSE,10.0534578,19,265,177,6,1,32,360
5SZCajunA-0,TRUE,TRUE,FALSE,10.78714795,41,760,307,13,0,87,362
KWBjfoioS20,TRUE,TRUE,FALSE,8.696756757,2,37,32,1,0,0,362
lOeQLJCVOdM,TRUE,TRUE,FALSE,3.185384615,1,13,13,0,0,3,365
weZZT8U9NGQ,TRUE,TRUE,FALSE,12.68254902,9,153,116,2,0,18,366
US5aP7qT36M,TRUE,TRUE,FALSE,8.523365385,39,576,328,14,0,81,368
zD9aXZY0pdY,TRUE,TRUE,FALSE,11.02658397,16,262,181,4,0,30,368
MOH33-jFOwo,TRUE,TRUE,FALSE,15.1852,1,25,24,2,0,3,369
2KnD9MzCzsM,TRUE,TRUE,FALSE,8.739809064,47,692,292,8,0,97,371
LuJd0z1JAU4,TRUE,TRUE,FALSE,11.23534884,10,129,94,4,0,13,371
_cu7Xt4wb1M,TRUE,TRUE,FALSE,17.83,1,22,22,1,0,2,373
P_NoKv4kr64,TRUE,TRUE,FALSE,13.7479807,32,745,294,16,0,98,374
rTbIazck7rk,TRUE,TRUE,FALSE,12.80783333,16,270,194,7,0,33,374
UDuGJHbAIbE,TRUE,TRUE,FALSE,29.73948276,1,58,44,1,0,3,376
KiouveG278Y,TRUE,TRUE,FALSE,18.72970696,14,234,154,7,0,20,376
r8avZUjw_zI,TRUE,TRUE,FALSE,15.36810296,23,614,236,6,0,76,378
vzA7Dj1pCOg,TRUE,TRUE,FALSE,13.26798319,5,119,83,6,0,13,380
Vujm4opryN8,TRUE,TRUE,FALSE,4.312137584,69,746,380,9,0,110,381
J97G6BeYW0I,TRUE,TRUE,FALSE,18.21964286,14,220,146,6,0,19,381
LerY4Y1gz5E,TRUE,TRUE,FALSE,13.14497794,36,806,305,16,0,108,382
k_wNE4erBLU,TRUE,TRUE,FALSE,9.181637931,8,87,73,1,0,6,384
Md7PssTAvz8,TRUE,TRUE,FALSE,7.929052749,40,673,276,17,0,118,384
kuR_Lwcp67U,TRUE,TRUE,FALSE,10.18936884,32,609,247,10,0,67,386
t0JF2Gbv1XQ,TRUE,TRUE,FALSE,13.09746877,9,169,112,4,0,30,389
ZfSlQJk59Ng,TRUE,TRUE,FALSE,16.07253629,24,643,339,6,0,51,390
_VuxMIc3fOA,TRUE,TRUE,FALSE,16.90009358,17,528,289,5,0,45,392
IpPHCLrEmSI,TRUE,TRUE,FALSE,18.52844203,3,92,76,2,0,5,394
tbMzKylq9Bc,TRUE,TRUE,FALSE,17.33,2,42,37,2,0,1,395
PUQFQVm96YM,TRUE,TRUE,FALSE,9.48997921,13,185,135,4,0,27,397
xdVJkkCquHs,TRUE,TRUE,FALSE,9.599170732,41,785,382,14,0,150,398
5I-Wr_s00aU,TRUE,TRUE,FALSE,14.59275,2,40,34,2,0,7,401
3jSCSq9bKwI,TRUE,TRUE,FALSE,13.48821429,5,112,82,2,0,11,402
8mOjYFwmgxk,TRUE,TRUE,FALSE,9.683889025,37,773,299,18,0,124,403
n4hTBVFyyKs,TRUE,TRUE,FALSE,17.77934006,16,483,280,4,0,40,404
8gAO1wfdHnc,TRUE,TRUE,FALSE,10.94929526,22,476,243,5,0,63,406
XFxMOiJRZQg,TRUE,TRUE,FALSE,9.219961575,30,347,249,4,0,30,409
xNf--q0YMq8,TRUE,TRUE,FALSE,18.48166667,12,198,131,6,0,16,410
diG519dFVNs,TRUE,TRUE,FALSE,14.30408046,6,116,80,3,0,9,410
6HJfr00CIqM,TRUE,TRUE,FALSE,10.81388393,42,672,311,13,1,80,411
XOZ-Yco3Ykw,TRUE,TRUE,FALSE,18.13586207,3,87,69,3,0,5,411
epNcLy6knx4,TRUE,TRUE,FALSE,18.04475398,16,503,283,4,0,49,412
D8K8MkKHJoc,TRUE,TRUE,FALSE,11.84806902,36,681,346,10,0,96,415
gQBkfKUxh_E,TRUE,TRUE,FALSE,9.239317376,48,752,365,16,0,111,419
loUuq7rPTH0,TRUE,TRUE,FALSE,6.299076923,50,715,311,11,1,122,424
NsISWyyuf80,TRUE,TRUE,FALSE,13.87783573,33,739,311,10,0,100,425
hFMF3lJUcAc,TRUE,TRUE,FALSE,13.35526316,1,19,19,2,0,3,432
oiAO69i7fHc,TRUE,TRUE,FALSE,7.650130383,53,903,371,11,0,151,433
Yl3z1ql_RXc,TRUE,TRUE,FALSE,11.49857143,2,42,38,3,0,5,433
f0D1DePVVdo,TRUE,TRUE,FALSE,8.185266765,48,845,329,6,0,117,435
RBl-lMHlDu0,TRUE,FALSE,FALSE,0,0,0,0,0,0,0,440
5RXRr8PKunk,TRUE,TRUE,FALSE,12.74853982,20,339,217,7,0,42,441
Y4MLtncnx-8,TRUE,TRUE,FALSE,11.77805407,40,749,386,13,0,94,443
rPLjSY00JlE,TRUE,TRUE,FALSE,9.294,1,20,19,2,0,1,444
rfepM3L7Pqc,TRUE,TRUE,FALSE,16.94802838,13,206,136,6,0,17,446
hep2KRYD2j0,TRUE,TRUE,FALSE,11.75254098,4,61,46,3,0,5,448
jnfH_Napq9c,TRUE,TRUE,FALSE,13.52142045,8,176,123,3,0,16,449
NDnC0-rw7KA,TRUE,TRUE,FALSE,10.45938725,15,272,158,8,0,45,450
aJ4s-IiKM5Q,TRUE,TRUE,FALSE,15.7504,3,75,61,2,0,10,452
afH4-_xFVmY,TRUE,TRUE,FALSE,9.648209059,14,205,147,4,0,28,457
HcT4K5KkTDE,TRUE,TRUE,FALSE,18.97536471,17,425,248,9,0,49,457
LtdWg4ygm_E,TRUE,TRUE,FALSE,9.467313997,13,183,136,4,0,27,457
LhXyJCa_b-k,TRUE,TRUE,FALSE,20.16664459,14,496,282,4,0,42,458
pgUZsOGOlfk,TRUE,TRUE,FALSE,13.41870098,6,136,85,3,0,9,458
JXygbkEjNIE,TRUE,TRUE,FALSE,14.46811397,18,466,294,9,0,60,461
Zpb2VHgjCQs,TRUE,TRUE,FALSE,12.30200942,34,887,371,14,0,101,465
Ptmlvtei8hw,TRUE,TRUE,FALSE,16.27589972,19,444,250,8,0,52,470
PT5cFR296-w,TRUE,TRUE,FALSE,4.978687625,24,167,82,4,0,15,470
N-X53P6RSUw,TRUE,TRUE,FALSE,11.70733784,40,740,347,13,0,101,472
CrjjN2sXB_g,TRUE,TRUE,FALSE,14.27677419,8,186,126,3,0,17,476
fqxcZK8hXYQ,TRUE,TRUE,FALSE,16.98108289,8,187,126,4,0,26,477
aLWlxC51YFE,TRUE,TRUE,FALSE,10.73921671,50,766,334,10,0,109,478
fihS3YUlolY,TRUE,TRUE,FALSE,14.31788875,7,113,90,6,0,14,482
PwH4oEz94qE,TRUE,TRUE,FALSE,13.25610526,5,95,65,4,0,11,486
cnDgRMUyXyY,TRUE,TRUE,FALSE,12.63065099,7,158,92,3,0,22,486
lSs1XdHx_8M,TRUE,TRUE,FALSE,13.87772093,10,215,130,5,0,33,489
gP4u3F61Mlc,TRUE,TRUE,FALSE,12.79061404,18,342,174,8,0,41,492
XX1ps4WHAtg,TRUE,TRUE,FALSE,6.290116279,4,43,36,2,0,5,492
KxQTLP2KeaE,TRUE,TRUE,FALSE,8.842256483,49,687,240,12,0,99,492
z0Pt-x8eKkM,TRUE,TRUE,FALSE,9.6502942,37,576,212,12,0,77,492
rhmAyFY6dhU,TRUE,TRUE,FALSE,15.46185984,7,159,109,4,0,15,494
AzUj-UTvZDk,TRUE,TRUE,FALSE,18.52890244,4,123,91,3,0,16,495
jvQzIzzL_lA,TRUE,FALSE,FALSE,0,0,0,0,0,0,0,499
ZRLB5I0ZAi0,TRUE,TRUE,FALSE,16.58261538,6,195,146,7,0,21,500
PtKAeihnbv0,TRUE,TRUE,FALSE,17.51378329,14,236,157,8,0,22,501
IE_ywuQoJSg,TRUE,TRUE,FALSE,13.69090615,18,309,207,5,0,31,501
3hhpoOzUMxo,TRUE,TRUE,FALSE,25.55128713,4,202,150,5,0,31,504
Ru5pFXXHRZo,TRUE,TRUE,FALSE,29.6160412,8,449,228,6,0,61,504
qNdoOd11Vi8,TRUE,TRUE,FALSE,11.43001434,9,155,106,5,0,24,505
aHtD_63rjFQ,TRUE,TRUE,FALSE,14.99186047,5,86,68,2,0,9,508
uCpY8TtHuzo,TRUE,TRUE,FALSE,31.89146552,4,232,151,3,0,24,511
vhukPv1se08,TRUE,TRUE,FALSE,24.88004796,3,139,107,3,0,20,511
xY7e4XcIjs8,TRUE,TRUE,FALSE,16.27047244,8,254,171,6,0,37,513
1iB68lO2K9k,TRUE,TRUE,FALSE,10.27568801,29,630,254,9,0,110,513
6XEbW-uxsPc,TRUE,TRUE,FALSE,10.32795897,40,719,344,13,0,83,517
rUK0EiV_31o,TRUE,TRUE,FALSE,20.49448276,5,174,137,5,0,17,519
5HNFsjUwolI,TRUE,TRUE,FALSE,8.169519001,47,748,335,12,0,129,521
ZeXuf7sOpzA,TRUE,TRUE,FALSE,13.49691729,7,133,100,4,0,10,522
kaoRrzakjGE,TRUE,TRUE,FALSE,17.82761974,13,212,145,6,0,17,531
ZA8GzhFh_CQ,TRUE,TRUE,FALSE,7.788386874,41,637,300,12,0,98,531
lNAAzs4C-lQ,TRUE,TRUE,FALSE,8.665926756,12,223,142,6,0,35,533
JSFiOF7xGfE,TRUE,TRUE,FALSE,15.88625,1,24,23,3,0,1,535
hCicRpU3biY,TRUE,TRUE,FALSE,8.37910033,11,193,130,3,0,25,536
XRolebcoL2g,TRUE,TRUE,FALSE,14.77588235,1,17,16,2,0,0,538
ItE86GxFwWk,TRUE,TRUE,FALSE,11.86773204,38,854,325,15,0,116,542
met9SntRZe8,TRUE,TRUE,FALSE,10.27346939,14,196,140,4,0,29,542
6B9lnKVX7YY,TRUE,TRUE,FALSE,6.916075353,52,882,358,11,0,143,548
m1DOnLhVuX4,TRUE,TRUE,FALSE,18.98121212,12,198,132,7,0,16,548
IggJcAbecMM,TRUE,TRUE,FALSE,5.243832481,64,807,357,12,0,118,550
HSJVVLcUcus,TRUE,TRUE,FALSE,10.876,1,15,15,1,0,1,553
YdBXHm3edL8,TRUE,TRUE,FALSE,10.475,1,12,12,1,0,0,556
IMLVbEzM0DI,TRUE,TRUE,FALSE,16.87832965,17,293,174,8,0,27,557
WIpxrtf7QbY,TRUE,FALSE,FALSE,0,0,0,0,0,0,0,557
#NAME?,TRUE,TRUE,FALSE,15.77863043,16,230,148,6,0,23,559
ABeOnnq6k8M,TRUE,TRUE,FALSE,11.02559204,39,848,376,12,0,143,561
5w1vW2VEZcE,TRUE,TRUE,FALSE,19.05808219,6,219,145,7,0,28,562
E1myFSlpy-A,TRUE,TRUE,FALSE,9.651802885,13,192,141,5,0,26,564
3lQZ4q_msGg,TRUE,TRUE,FALSE,23.77167582,7,312,158,2,0,18,566
Xa--z2elP2c,TRUE,TRUE,FALSE,9.288333333,2,36,30,2,0,4,568
i32a5T-JsEc,TRUE,TRUE,FALSE,20.04904412,5,136,96,3,0,17,573
SCV_m91mN-Q,TRUE,TRUE,FALSE,16.60962687,10,268,192,6,0,21,574
rd2cf5hValM,TRUE,TRUE,FALSE,20.57375303,7,236,172,6,0,20,577
KW8HnpSp6wk,TRUE,TRUE,FALSE,14.96472527,7,182,119,9,0,18,581
Jvtb0a2RXaY,TRUE,TRUE,FALSE,12.73452857,8,175,122,3,0,19,583
F4Lt0AjMxEY,TRUE,TRUE,FALSE,17.79460952,17,293,174,8,0,27,583
jLscoVyV4zA,TRUE,FALSE,FALSE,0,0,0,0,0,0,0,583
U_rZA3_SBlA,TRUE,TRUE,FALSE,16.17916256,7,203,144,4,0,25,584
oioFVbsiwEk,TRUE,TRUE,FALSE,5.158965517,5,58,41,3,0,9,588
BtqlMr1rUT8,TRUE,TRUE,FALSE,18.38651515,12,198,131,6,0,16,589
PAab0M_6fuQ,TRUE,TRUE,FALSE,17.12921805,7,190,142,5,0,28,596
_A6GbgUnEZc,TRUE,TRUE,FALSE,10.52728797,12,169,125,3,0,22,597
q2vPQYP0dpI,TRUE,TRUE,FALSE,16.87823768,17,494,272,3,0,37,600
jsxFbDIvQRw,TRUE,TRUE,FALSE,12.22871795,3,65,50,1,0,9,600
my7lL8o-3ow,TRUE,TRUE,FALSE,20.47866613,8,313,181,2,0,18,601
8JDuBDIy4C4,TRUE,TRUE,FALSE,10.16325563,9,143,105,3,0,16,601
X87NbBTXixE,TRUE,TRUE,FALSE,51.19762534,6,605,278,3,0,27,601
rpPeJFFzJ5g,TRUE,TRUE,FALSE,15.41492908,6,94,64,2,0,14,601
3lMehvXSJWU,TRUE,TRUE,FALSE,10.97695853,14,217,161,4,0,27,602
-71ld0iqAq8,TRUE,TRUE,FALSE,9.060545433,27,311,204,5,0,31,602
ijjnqeS0pIE,TRUE,TRUE,FALSE,11.38837781,39,637,323,7,0,79,605
Pr_-cUA_PY8,TRUE,TRUE,FALSE,16.57290303,17,293,174,8,0,27,605
kb146Y1igTQ,TRUE,TRUE,FALSE,22.40146192,7,257,193,5,0,25,607
Gazuoyf-lm4,TRUE,TRUE,FALSE,23.27933333,3,110,71,3,0,12,607
B-IfZvygQnM,TRUE,TRUE,FALSE,9.97477104,38,631,323,10,0,86,610
CYGLevDEj08,TRUE,TRUE,FALSE,5.9208,2,25,25,0,0,3,610
UEt6sC6qdlA,TRUE,TRUE,FALSE,11.59028112,6,83,68,5,0,10,611
oc0nFa2dA0M,TRUE,TRUE,FALSE,11.3556059,35,659,350,8,0,76,616
d6H_jPqjLKk,TRUE,TRUE,FALSE,9.357884615,13,156,96,2,0,19,616
BCSdVZtWOaM,TRUE,TRUE,FALSE,14.44835234,24,526,294,15,0,70,620
fSYFsrurYKI,TRUE,TRUE,FALSE,12.10226152,28,626,323,17,0,98,621
Ylkj2ORlwXc,TRUE,TRUE,FALSE,10.14912879,6,88,77,2,0,14,624
Ekqq6DE8vGE,TRUE,TRUE,FALSE,10.62924731,3,31,30,2,0,6,624
iKKF5yuxvg8,TRUE,TRUE,FALSE,17.10338085,17,293,174,8,0,27,625
pqjgCORDIys,TRUE,TRUE,FALSE,78.71732745,4,623,266,3,0,23,626
irZC2hV9T-0,TRUE,TRUE,FALSE,9.03488292,33,484,287,11,0,63,631
fR3NxCR9z2U,TRUE,TRUE,FALSE,27.60558442,5,231,180,5,0,26,633
YBY4MSgZLDA,TRUE,TRUE,FALSE,19.68010238,12,407,231,6,0,29,641
Ep0kFZiWUJI,TRUE,TRUE,FALSE,15.96245283,6,159,115,5,0,17,655
wQ1QGZ6gJ8w,TRUE,TRUE,FALSE,10.95182927,5,82,61,4,0,11,665
xaz5ftvZCyI,TRUE,TRUE,FALSE,16.37836584,13,209,136,6,0,16,667
dC7y9qB3tcA,TRUE,TRUE,FALSE,15.10536145,8,166,113,3,0,17,673
JXnpt72MZl4,TRUE,TRUE,FALSE,17.69622222,6,135,92,5,0,12,684
GNghXeGlTdI,TRUE,TRUE,FALSE,11.83624662,23,531,270,8,0,83,684
tpjVmLIUWCo,TRUE,TRUE,FALSE,17.698159,17,293,174,8,0,27,686
LijHvJcVuCI,TRUE,TRUE,FALSE,32.72171875,1,64,48,3,0,3,693
2TnieMq4E14,TRUE,TRUE,FALSE,15.30038793,8,232,167,7,0,32,702
Id2E72P8Fe0,TRUE,TRUE,FALSE,16.3902799,15,262,155,7,0,27,703
eTqPsqnbwoc,TRUE,TRUE,FALSE,54.26175258,2,194,112,6,0,1,704
0vyLi8BVi8I,TRUE,TRUE,FALSE,2.829638554,25,166,117,5,0,24,704
dPKvHrD1eS4,TRUE,TRUE,FALSE,29.20023077,4,195,145,4,0,9,705
iTjDi2ZO0n8,TRUE,TRUE,FALSE,18.86924863,15,488,266,3,0,44,706
1teEi1piQrM,TRUE,TRUE,FALSE,14.50446237,3,62,48,3,0,4,707
7fuLw031H-g,TRUE,TRUE,FALSE,16.14018412,13,188,126,5,0,21,709
VgnbRK8pij8,TRUE,TRUE,FALSE,12.00648649,2,37,30,2,0,4,719
ArmlWtDnuys,TRUE,TRUE,FALSE,16.09370056,15,236,147,6,0,24,722
1a2Fsfa8e4I,TRUE,TRUE,FALSE,11.58553846,8,130,95,2,0,18,732
-8HmZjScLe0,TRUE,TRUE,FALSE,21.97011905,18,504,286,3,0,38,732
h0zD1gj0pXk,TRUE,TRUE,FALSE,9.837701149,3,58,52,4,0,8,736
9tAbhNvWi90,TRUE,TRUE,FALSE,19.13741379,4,116,90,2,0,16,736
MKKrOHNN3xQ,TRUE,TRUE,FALSE,13.74278846,10,208,126,4,0,40,739
mvqyBhUJATE,TRUE,FALSE,FALSE,0,0,0,0,0,0,0,748
zPdwsCTp4gM,TRUE,TRUE,FALSE,8.493821138,3,41,37,2,0,6,751
NouXeM-NzX8,TRUE,TRUE,FALSE,10.34416667,3,36,32,0,0,5,753
5qBJNZeIavI,TRUE,TRUE,FALSE,9.538992184,13,187,139,4,0,27,756
IpedthIpUnY,TRUE,TRUE,FALSE,17.70546579,15,458,253,3,0,38,759
C1pIuddZ7HE,TRUE,TRUE,FALSE,14.66547905,19,412,224,7,0,40,765
H-qREcJqUhY,TRUE,TRUE,FALSE,13.65379412,20,340,219,7,0,42,779
0xgeG2gtI0A,TRUE,TRUE,FALSE,29.00243902,2,123,90,4,0,17,781
Xe7PKGINr9Q,TRUE,TRUE,FALSE,9.63154791,49,761,342,19,1,109,783
Q6toBA7SRkY,TRUE,TRUE,FALSE,16.06408246,12,287,173,4,0,30,791
Vgo6TXqQKMg,TRUE,TRUE,FALSE,18.82065359,18,459,263,3,0,36,791
l0V-Xmps1mE,TRUE,TRUE,FALSE,4.153529412,2,17,16,1,0,1,800
k1qtkFqQDBs,TRUE,TRUE,FALSE,33.07828947,4,228,156,5,0,13,801
VIrkurR446s,TRUE,TRUE,FALSE,17.16768119,17,293,176,8,0,27,801
00jbG_cfGuQ,TRUE,TRUE,FALSE,30.4909276,4,221,168,2,0,18,806
yIc2XFNLhm8,TRUE,TRUE,FALSE,29.86276786,7,336,236,5,0,18,809
zU-5GcqzHNM,TRUE,TRUE,FALSE,17.07207547,5,159,111,4,0,17,819
hg1gPLAG9Q4,TRUE,TRUE,FALSE,15.27810377,19,423,231,7,0,40,819
ea1sXgd5ui8,TRUE,TRUE,FALSE,9.811389448,13,191,142,4,0,28,822
ZHTdmMJtY5E,FALSE,FALSE,FALSE,0,0,0,0,0,0,0,0
Hannah,TRUE,TRUE,FALSE,4.622727273,1,11,11,2,0,3,0
WI8_9PIyWN4,TRUE,TRUE,FALSE,15.40051242,8,161,120,4,0,21,850
Z36dUduOk1Y,TRUE,TRUE,FALSE,19.0495537,13,212,139,6,0,19,853
czY5nyvZ7cU,TRUE,TRUE,FALSE,18.0470362,13,204,135,6,0,16,853
Of1Aewx-zRM,TRUE,TRUE,FALSE,29.91309237,3,83,71,2,0,3,869
f_4Q9Iv7_Ao,TRUE,TRUE,FALSE,26.475,3,132,102,2,0,8,870
x6JGB8sTvUw,TRUE,TRUE,FALSE,30.00796844,3,169,120,4,0,20,874
CWJcgEDBbKU,TRUE,TRUE,FALSE,59.57333333,7,819,366,4,0,67,892
JlZjNrp_dHY,TRUE,TRUE,FALSE,3.954016393,4,61,44,2,0,3,897
LylsVQ8HFIw,TRUE,TRUE,FALSE,9.332727273,1,11,10,2,0,0,898
3UKB4T4g4Ls,TRUE,TRUE,FALSE,11.30606129,12,223,174,5,0,21,899
YcCqXGrqxAo,TRUE,TRUE,FALSE,11.27955696,4,79,67,4,0,16,904
lqbL-UhhyPk,TRUE,TRUE,FALSE,11.93955556,6,135,100,4,0,27,953
f2HnkDGuBqk,TRUE,TRUE,FALSE,18.25888781,11,376,207,8,0,20,962
sWN13pKVp9s,TRUE,TRUE,FALSE,13.29911765,8,170,106,4,0,22,968
DqsvwHG9c-M,TRUE,TRUE,FALSE,12.3612963,8,162,112,6,0,18,988
L8AybjTBKF4,TRUE,TRUE,FALSE,18.83190476,5,126,95,3,0,12,1009
QA2_uA0qJls,TRUE,TRUE,FALSE,12.36368421,1,19,19,1,0,2,1018
qt8goLiew2o,TRUE,TRUE,FALSE,17.62611111,2,54,45,2,0,7,1025
LWDQyaKVols,TRUE,TRUE,FALSE,31.69113725,3,85,78,2,0,5,1037
XSWIxbgr1AY,TRUE,TRUE,FALSE,11.28426842,49,779,326,13,0,90,1062
QRLZwXL6w1c,TRUE,TRUE,FALSE,13.58386986,16,292,201,5,0,34,1067
_g9r64ICTsk,TRUE,TRUE,FALSE,9.706923077,1,13,13,1,0,0,1077
J0Y1MlanzCk,TRUE,TRUE,FALSE,9.585881459,7,94,75,6,0,9,1086
sT-IOqAzf7k,TRUE,TRUE,FALSE,22.99833333,1,36,30,2,0,2,1086
da1vvigy5tQ,TRUE,TRUE,FALSE,12.27243687,9,176,124,5,0,18,1092
ktQzM2IA-qU,TRUE,TRUE,FALSE,14.11554985,7,139,101,4,0,17,1102
cc8sUv2SuaY,TRUE,TRUE,FALSE,15.05339061,17,267,177,6,0,23,1118
_eNgRJ_QTBM,TRUE,TRUE,FALSE,8.15787234,2,47,42,0,0,3,1131
klqaNGRnlDs,TRUE,TRUE,FALSE,17.10551282,6,182,117,5,0,22,1166
0uSKKKrBmaE,TRUE,TRUE,FALSE,10.93427235,13,222,140,10,0,24,1190
WNt0puFwrTk,TRUE,TRUE,FALSE,19.40429134,8,254,148,5,0,23,1225
tbxgQS3RPvQ,TRUE,FALSE,FALSE,0,0,0,0,0,0,0,1281
LVgzOyHVcj4,TRUE,TRUE,FALSE,3.76295838,14,127,95,4,0,20,1312
VUo2XW0z218,TRUE,TRUE,FALSE,3.816767932,79,450,264,4,0,21,1459
t0nVO_DOmVA,TRUE,TRUE,FALSE,13.40045455,2,22,21,2,0,0,1468
_WhjX5xljD8,TRUE,TRUE,FALSE,13.56785088,9,228,139,9,0,30,1529
SDzJKaBvOGw,TRUE,TRUE,FALSE,22.08534314,3,136,94,8,0,18,1556
Hd4kvlF1uCA,TRUE,FALSE,FALSE,0,0,0,0,0,0,0,1594
YWj2RGPE0Dg,TRUE,TRUE,FALSE,6.852481203,14,114,75,2,0,15,1594
PxPKW04fSoA,TRUE,TRUE,FALSE,10.44611684,6,97,71,2,0,8,1645
7vwKMmqSzsg,TRUE,TRUE,FALSE,34.46221429,2,140,123,4,0,26,1674
jzeYIytL3wo,TRUE,TRUE,FALSE,16.54545455,6,132,103,6,0,16,1674
S05_qhpx31Y,TRUE,TRUE,FALSE,19.1503125,1,32,30,1,0,2,1693
QUgwOq0SSTs,TRUE,TRUE,FALSE,9.478275862,18,261,161,6,0,39,1710
R0JWXowK_HY,TRUE,TRUE,FALSE,10.21928712,44,834,381,15,0,135,1733
tSLjM6cZaTo,TRUE,TRUE,FALSE,18.57582278,5,158,112,5,0,20,1752
Jd8QFD5Ht18,TRUE,TRUE,FALSE,14.51159091,6,132,100,5,0,14,1767
cUU4blxYRF4,TRUE,TRUE,FALSE,30.88,1,1,1,0,0,0,1798
eUiSCEBGxXk,TRUE,TRUE,FALSE,19.42390909,4,110,90,4,0,11,1810
_sMkl9fVfoE,FALSE,FALSE,FALSE,0,0,0,0,0,0,0,0
86,TRUE,TRUE,FALSE,16.75,1,1,1,0,0,0,0
Bv_0QWtqfVY,TRUE,TRUE,FALSE,8.948046964,19,325,188,4,0,34,1864
JjWDCldrYGY,TRUE,TRUE,FALSE,17.12574581,11,309,162,5,0,28,2002
Vd_0FgUXVR8,TRUE,TRUE,FALSE,13.57253165,30,711,349,15,0,96,2133
XQtPFByWrWU,TRUE,TRUE,FALSE,15.97035714,14,336,193,11,0,42,2269
z9aeU2Qw1S4,TRUE,FALSE,FALSE,0,0,0,0,0,0,0,2462
X2o_Z6hOpwo,FALSE,FALSE,FALSE,0,0,0,0,0,0,0,0
UCde-Yz2MUq8r6BmEAInNLrQ,TRUE,TRUE,FALSE,-16.22,1,1,1,0,0,0,0
Va1BZ7_hxSw,TRUE,TRUE,FALSE,9.646994609,7,106,82,4,0,12,2553
6reJRE9Rd7c,FALSE,FALSE,FALSE,0,0,0,0,0,0,0,0
2016.In slide 45,TRUE,TRUE,FALSE,11.85923077,1,26,21,0,0,5,0
s6UXLavIFJ4,FALSE,FALSE,FALSE,0,0,0,0,0,0,0,0
Mary recently received goodnews. Twelve weeks after her surgery she returned\nto Atlanta for tests. She has now been giventhe all clear.46:52\nCOMM: Igor continues to follow his dream ofbecoming a lawyer. Although his growth is\nunder control he has to take medication everyday and is still learning to live with the\nlimitations of his seven foot eight inch frame.47:10\nCOMM: Tanya Angus has one of the most extremecases of acromegaly that doctors have ever\nseen. But todayÔÇÖs results offer renewedhope in her battle against this terrible condition.47:22\nTANYA: I wonÔÇÖt ever give up. I wont everbecause a friend of mine told me,TRUE,TRUE,FALSE,-2.09,1,1,1,0,0,0,0
ETvIajBXFCw,FALSE,FALSE,FALSE,0,0,0,0,0,0,0,0
and ATP inhibits it,TRUE,TRUE,FALSE,8.042857143,2,21,19,1,0,4,0
s7jBQIojzS0,TRUE,TRUE,FALSE,30.24125,1,48,38,2,0,5,3230
5KWAgKR9JBE,TRUE,TRUE,FALSE,15.38683908,9,174,120,7,0,28,3361
8J9DfeOYBKs,TRUE,TRUE,FALSE,17.8228,6,150,110,2,0,17,3372
s9Lsyg7lgHI,FALSE,FALSE,FALSE,0,0,0,0,0,0,0,0
you know,TRUE,TRUE,FALSE,-5.8,1,3,3,1,0,0,0
w0nV-_ddXoc,TRUE,TRUE,FALSE,14.93783898,10,236,178,7,0,22,3432
mZwAHIHVomo,FALSE,FALSE,FALSE,0,0,0,0,0,0,0,0
INRESPONSE TO HEAT.THE SECOND COMPONENT IS FERRITINFERRITIN,TRUE,TRUE,FALSE,14.61,1,3,3,0,0,1,0
EccSnNgQP7c,FALSE,FALSE,FALSE,0,0,0,0,0,0,0,0
WASHINGTON. &quot; THE OLDEST MAN ACCORDING\n TO CUSTOM MADE A SPEECH AND A PRESENT OF 2 CAKES\n OF ROOT BREAD,TRUE,TRUE,FALSE,-2.09,1,1,1,0,0,0,0
Bn8MJALJsuY,FALSE,FALSE,FALSE,0,0,0,0,0,0,0,0
\nwhich is relatively inexpensive.The types of fish \neaten across communities is very different.I think it could be that we may have \ndifferences in the uptake of interventionsin different communities.ÔÇÿOther questions?ÔÇÖÔÇÿYou mentioned that \nyou did two surveys to analyze hormone levels,TRUE,TRUE,FALSE,5.236,1,10,10,0,0,2,0
MhCIrN9JFqU,FALSE,FALSE,FALSE,0,0,0,0,0,0,0,0
IMMUNOPRECIPITATIONAND WHAT YOU CAN SEE HERE ISTHAT THE ERK1 TWO BIND RIGHTAWAY AND STILL ASSOCIATED EVENUNDER THIS CONDITION WHICH I&#39;LLSHOW YOU IN A MOMENT.HAS TURNED OFF THIS PROMOTORCOMPLETELY.P38 LIKEWISE JNK LIKEWISE ANDRISK LIKEWISE AND ALL THESIGNALING MOLECULES BIND AWAYWHEN THEY ARE STIMULATED INASSAY AND THEY STAY THERE.WHAT ABOUT FACTORS THAT AREIMPORTANT FOR INSULIN GENETRANSCRIPTION?YOU CAN SEE MAFA BINDS BUT INTHE PRESENCE OF THE CYTOKINEWITH HIGH GLUCOSE,TRUE,TRUE,FALSE,21.76675,1,40,34,0,0,7,0
WYAHes1A36I,TRUE,FALSE,FALSE,0,0,0,0,0,0,0,3751
_CUOjdA-VG0,FALSE,FALSE,FALSE,0,0,0,0,0,0,0,0
ACCUMULATION,TRUE,TRUE,FALSE,19.2225,1,24,24,0,0,4,0
WpSSVwKYsv0,TRUE,FALSE,FALSE,0,0,0,0,0,0,0,4467
KYQ2dPW5nEU,TRUE,TRUE,FALSE,10.95182927,5,82,62,4,0,7,4677
FHjK1dwlpm0,TRUE,TRUE,FALSE,25.08931129,3,121,90,2,0,7,5498
USBM2TOgi2I,TRUE,TRUE,FALSE,22.482,1,20,20,2,0,2,6502
